player_name,jersey,position,goals,assists,penalty_minutes,star_of_game,team,game_id
Megan Keller,5,D,1,0,0,2.0,Scotiabank,scotiabank-vs-sonnet
Rebecca Johnston,6,F,1,0,0,,Scotiabank,scotiabank-vs-sonnet
Nicole Kosta,7,F,0,0,0,,Scotiabank,scotiabank-vs-sonnet
Hayley Lunny,8,F,0,0,0,,Scotiabank,scotiabank-vs-sonnet
Shannon Stewart,10,F,0,0,0,,Scotiabank,scotiabank-vs-sonnet
Tatum Skaggs,11,F,0,0,0,,Scotiabank,scotiabank-vs-sonnet
Kelly Pannek,12,F,0,1,0,,Scotiabank,scotiabank-vs-sonnet
Jaime Bourbonnais,14,D,0,1,0,,Scotiabank,scotiabank-vs-sonnet
Mélodie Daoust,15,F,0,0,0,,Scotiabank,scotiabank-vs-sonnet
Katelyn Gosling,16,D,0,0,0,,Scotiabank,scotiabank-vs-sonnet
Ella Shelton,17,D,0,0,0,,Scotiabank,scotiabank-vs-sonnet
Mélanie Desrochers,18,D,0,0,0,,Scotiabank,scotiabank-vs-sonnet
Madison Field,22,F,0,0,0,,Scotiabank,scotiabank-vs-sonnet
Alex Carpenter,25,F,0,0,0,,Scotiabank,scotiabank-vs-sonnet
Emerance Maschmeyer,38,G,0,0,0,,Scotiabank,scotiabank-vs-sonnet
Blayre Turnbull,40,F,0,1,0,,Scotiabank,scotiabank-vs-sonnet
Grace Graham,42,F,0,0,0,,Scotiabank,scotiabank-vs-sonnet
Victoria Bach,51,F,0,0,0,,Scotiabank,scotiabank-vs-sonnet
Cat Quirion,26,D,0,0,0,,Scotiabank,scotiabank-vs-sonnet
Emily Brown,2,D,0,0,2,,Sonnet,scotiabank-vs-sonnet
Leah Bohlken,4,D,0,0,0,,Sonnet,scotiabank-vs-sonnet
Iya Gavrilova,8,F,0,0,2,,Sonnet,scotiabank-vs-sonnet
Hanna Bunton,9,F,0,0,0,,Sonnet,scotiabank-vs-sonnet
Alexa Vasko,10,F,1,0,0,,Sonnet,scotiabank-vs-sonnet
Abby Roque,11,F,1,0,0,,Sonnet,scotiabank-vs-sonnet
Samantha Cogan,17,F,0,1,0,,Sonnet,scotiabank-vs-sonnet
Malia Schneider,18,F,0,0,0,,Sonnet,scotiabank-vs-sonnet
Brianne Jenner,19,F,1,2,0,1.0,Sonnet,scotiabank-vs-sonnet
Hannah Brandt,20,F,0,0,0,,Sonnet,scotiabank-vs-sonnet
Hilary Knight,21,F,0,1,0,,Sonnet,scotiabank-vs-sonnet
Erin Ambrose,23,D,1,0,0,2.0,Sonnet,scotiabank-vs-sonnet
Emma Buckles,25,D,0,0,0,,Sonnet,scotiabank-vs-sonnet
Micah Zandee-Hart,28,D,0,0,0,,Sonnet,scotiabank-vs-sonnet
Nicole Hensley,29,G,0,0,0,,Sonnet,scotiabank-vs-sonnet
Natasza Tarnowski,33,F,0,0,0,,Sonnet,scotiabank-vs-sonnet
Rebecca Leslie,37,F,0,0,0,,Sonnet,scotiabank-vs-sonnet
Claire Thompson,42,D,0,0,0,,Sonnet,scotiabank-vs-sonnet
Demi Crossman,82,F,0,0,2,,Sonnet,scotiabank-vs-sonnet
Lee Stecklein,2,D,0,0,0,,Harvey's,team-harveys-vs-team-adidas
Lauriane Rougeau,5,D,0,0,0,,Harvey's,team-harveys-vs-team-adidas
Laura Fortino,8,D,0,0,0,,Harvey's,team-harveys-vs-team-adidas
Jessie Eldridge,9,F,0,0,0,,Harvey's,team-harveys-vs-team-adidas
Rhianna Kurio,10,F,0,0,0,,Harvey's,team-harveys-vs-team-adidas
Sophia Shaver,11,F,0,0,0,,Harvey's,team-harveys-vs-team-adidas
Alexa Gruschow,12,F,0,0,0,,Harvey's,team-harveys-vs-team-adidas
Clair DeGeorge,14,F,0,0,0,,Harvey's,team-harveys-vs-team-adidas
Savannah Harmon,15,D,0,0,0,,Harvey's,team-harveys-vs-team-adidas
Hayley Scamurra,16,F,0,1,0,,Harvey's,team-harveys-vs-team-adidas
Alexandra Poznikoff,19,F,0,1,2,,Harvey's,team-harveys-vs-team-adidas
Emily Clark,26,F,0,1,0,,Harvey's,team-harveys-vs-team-adidas
Kristen Richards,27,D,0,1,0,,Harvey's,team-harveys-vs-team-adidas
Marie-Philip Poulin,29,F,1,0,0,,Harvey's,team-harveys-vs-team-adidas
Ann-Renée Desbiens,35,G,0,0,0,,Harvey's,team-harveys-vs-team-adidas
Jamie Lee Rattray,47,F,1,0,0,3.0,Harvey's,team-harveys-vs-team-adidas
Bailey Larson,61,F,0,0,0,,Harvey's,team-harveys-vs-team-adidas
Karell Emard,76,F,0,0,0,,Harvey's,team-harveys-vs-team-adidas
Rosalie Demers,81,F,0,0,0,,Harvey's,team-harveys-vs-team-adidas
Jocelyne Larocque,3,D,0,0,2,,adidas,team-harveys-vs-team-adidas
Laura Stacey,7,F,0,1,0,,adidas,team-harveys-vs-team-adidas
Megan Eady,8,D,0,0,0,,adidas,team-harveys-vs-team-adidas
Kayla Vespa,10,F,0,0,2,,adidas,team-harveys-vs-team-adidas
Jill Saulnier,11,F,0,1,0,,adidas,team-harveys-vs-team-adidas
Meaghan Mikkelson,12,D,0,0,0,,adidas,team-harveys-vs-team-adidas
Renata Fast,14,D,0,0,4,,adidas,team-harveys-vs-team-adidas
Kaitlin Willoughby,17,F,0,0,0,,adidas,team-harveys-vs-team-adidas
Halli Krzyzaniak,18,D,0,0,0,,adidas,team-harveys-vs-team-adidas
Jincy Dunne,19,D,0,0,0,,adidas,team-harveys-vs-team-adidas
Sarah Nurse,20,F,0,0,0,,adidas,team-harveys-vs-team-adidas
Kelly Gribbons,21,F,1,0,0,,adidas,team-harveys-vs-team-adidas
Jessica DiGirolamo,23,D,0,1,0,,adidas,team-harveys-vs-team-adidas
Kendall Coyne Schofield,26,F,1,0,0,2.0,adidas,team-harveys-vs-team-adidas
Samantha Donovan,32,F,0,2,0,,adidas,team-harveys-vs-team-adidas
Aerin Frankel,33,G,0,0,0,,adidas,team-harveys-vs-team-adidas
Maddie Rooney,35,G,0,0,0,,adidas,team-harveys-vs-team-adidas
Kristin O’Neill,43,F,0,0,0,,adidas,team-harveys-vs-team-adidas
Sarah Potomak,44,F,2,0,0,1.0,adidas,team-harveys-vs-team-adidas
Laura Dostaler,72,F,0,1,0,,adidas,team-harveys-vs-team-adidas
Jocelyne Larocque,3,D,0,0,2,,adidas,team-adidas-vs-team-scotiabank
Laura Stacey,7,F,0,0,0,,adidas,team-adidas-vs-team-scotiabank
Megan Eady,8,D,0,0,0,,adidas,team-adidas-vs-team-scotiabank
Kayla Vespa,10,F,0,0,0,,adidas,team-adidas-vs-team-scotiabank
Jill Saulnier,11,F,0,0,0,,adidas,team-adidas-vs-team-scotiabank
Meaghan Mikkelson,12,D,0,0,0,,adidas,team-adidas-vs-team-scotiabank
Renata Fast,14,D,0,0,2,,adidas,team-adidas-vs-team-scotiabank
Kaitlin Willoughby,17,F,0,0,0,,adidas,team-adidas-vs-team-scotiabank
Halli Krzyzaniak,18,D,0,0,0,,adidas,team-adidas-vs-team-scotiabank
Jincy Dunne,19,D,0,0,2,,adidas,team-adidas-vs-team-scotiabank
Sarah Nurse,20,F,0,0,0,,adidas,team-adidas-vs-team-scotiabank
Kelly Gribbons,21,F,0,0,0,,adidas,team-adidas-vs-team-scotiabank
Jessica DiGirolamo,23,D,0,0,0,,adidas,team-adidas-vs-team-scotiabank
Kendall Coyne Schofield,26,F,0,0,0,,adidas,team-adidas-vs-team-scotiabank
Samantha Donovan,32,F,0,0,0,,adidas,team-adidas-vs-team-scotiabank
Aerin Frankel,33,G,0,0,0,,adidas,team-adidas-vs-team-scotiabank
Maddie Rooney,35,G,0,0,0,,adidas,team-adidas-vs-team-scotiabank
Kristin O’Neill,43,F,0,0,0,,adidas,team-adidas-vs-team-scotiabank
Sarah Potomak,44,F,0,0,2,,adidas,team-adidas-vs-team-scotiabank
Laura Dostaler,72,F,0,0,0,,adidas,team-adidas-vs-team-scotiabank
Megan Keller,5,D,0,0,0,,Scotiabank,team-adidas-vs-team-scotiabank
Rebecca Johnston,6,F,2,2,0,2.0,Scotiabank,team-adidas-vs-team-scotiabank
Nicole Kosta,7,F,0,0,0,,Scotiabank,team-adidas-vs-team-scotiabank
Hayley Lunny,8,F,0,0,0,,Scotiabank,team-adidas-vs-team-scotiabank
Shannon Stewart,10,F,0,0,0,,Scotiabank,team-adidas-vs-team-scotiabank
Tatum Skaggs,11,F,0,0,0,,Scotiabank,team-adidas-vs-team-scotiabank
Kelly Pannek,12,F,0,0,2,,Scotiabank,team-adidas-vs-team-scotiabank
Jaime Bourbonnais,14,D,0,2,0,,Scotiabank,team-adidas-vs-team-scotiabank
Mélodie Daoust,15,F,1,1,0,,Scotiabank,team-adidas-vs-team-scotiabank
Katelyn Gosling,16,D,0,0,2,,Scotiabank,team-adidas-vs-team-scotiabank
Ella Shelton,17,D,2,0,0,3.0,Scotiabank,team-adidas-vs-team-scotiabank
Mélanie Desrochers,18,D,0,0,2,,Scotiabank,team-adidas-vs-team-scotiabank
Madison Field,22,F,0,0,0,,Scotiabank,team-adidas-vs-team-scotiabank
Alex Carpenter,25,F,0,1,0,,Scotiabank,team-adidas-vs-team-scotiabank
Cat Quirion,26,D,0,0,0,,Scotiabank,team-adidas-vs-team-scotiabank
Emerance Maschmeyer,38,G,0,0,0,,Scotiabank,team-adidas-vs-team-scotiabank
Blayre Turnbull,40,F,0,3,4,,Scotiabank,team-adidas-vs-team-scotiabank
Grace Graham,42,F,0,0,0,,Scotiabank,team-adidas-vs-team-scotiabank
Kristen Campbell,50,G,0,0,0,1.0,Scotiabank,team-adidas-vs-team-scotiabank
Victoria Bach,51,F,0,0,0,,Scotiabank,team-adidas-vs-team-scotiabank
Emily Brown,2,D,0,0,0,,Sonnet,team-sonnet-vs-team-harveys
Leah Bohlken,4,D,0,0,0,,Sonnet,team-sonnet-vs-team-harveys
Iya Gavrilova,8,F,0,0,0,,Sonnet,team-sonnet-vs-team-harveys
Hanna Bunton,9,F,0,0,0,,Sonnet,team-sonnet-vs-team-harveys
Alexa Vasko,10,F,1,1,0,3.0,Sonnet,team-sonnet-vs-team-harveys
Abby Roque,11,F,0,0,0,,Sonnet,team-sonnet-vs-team-harveys
Samantha Cogan,17,F,0,0,0,,Sonnet,team-sonnet-vs-team-harveys
Malia Schneider,18,F,0,1,0,,Sonnet,team-sonnet-vs-team-harveys
Brianne Jenner,19,F,0,0,0,,Sonnet,team-sonnet-vs-team-harveys
Hannah Brandt,20,F,0,0,0,,Sonnet,team-sonnet-vs-team-harveys
Hilary Knight,21,F,1,0,0,,Sonnet,team-sonnet-vs-team-harveys
Erin Ambrose,23,D,0,0,0,,Sonnet,team-sonnet-vs-team-harveys
Emma Buckles,25,D,0,0,0,,Sonnet,team-sonnet-vs-team-harveys
Micah Zandee-Hart,28,D,0,0,0,,Sonnet,team-sonnet-vs-team-harveys
Nicole Hensley,29,G,0,0,0,,Sonnet,team-sonnet-vs-team-harveys
Natasza Tarnowski,33,F,0,0,0,,Sonnet,team-sonnet-vs-team-harveys
Rebecca Leslie,37,F,0,0,0,,Sonnet,team-sonnet-vs-team-harveys
Lindsay Browning,39,G,0,0,0,2.0,Sonnet,team-sonnet-vs-team-harveys
Claire Thompson,42,D,0,0,0,,Sonnet,team-sonnet-vs-team-harveys
Demi Crossman,82,F,0,0,0,,Sonnet,team-sonnet-vs-team-harveys
Lee Stecklein,2,D,0,1,0,,Harvey's,team-sonnet-vs-team-harveys
Lauriane Rougeau,5,D,0,0,0,,Harvey's,team-sonnet-vs-team-harveys
Laura Fortino,8,D,0,0,0,,Harvey's,team-sonnet-vs-team-harveys
Jessie Eldridge,9,F,0,0,0,,Harvey's,team-sonnet-vs-team-harveys
Rhianna Kurio,10,F,0,0,0,,Harvey's,team-sonnet-vs-team-harveys
Sophia Shaver,11,F,0,1,0,,Harvey's,team-sonnet-vs-team-harveys
Alexa Gruschow,12,F,0,0,0,,Harvey's,team-sonnet-vs-team-harveys
Clair DeGeorge,14,F,1,0,0,1.0,Harvey's,team-sonnet-vs-team-harveys
Savannah Harmon,15,D,0,0,0,,Harvey's,team-sonnet-vs-team-harveys
Hayley Scamurra,16,F,0,0,0,,Harvey's,team-sonnet-vs-team-harveys
Alexandra Poznikoff,19,F,1,0,0,,Harvey's,team-sonnet-vs-team-harveys
Emily Clark,26,F,0,0,0,,Harvey's,team-sonnet-vs-team-harveys
Kristen Richards,27,D,0,0,0,,Harvey's,team-sonnet-vs-team-harveys
Marie-Philip Poulin,29,F,0,0,0,,Harvey's,team-sonnet-vs-team-harveys
Geneviève Lacasse,31,G,0,0,0,,Harvey's,team-sonnet-vs-team-harveys
Jamie Lee Rattray,47,F,0,0,0,,Harvey's,team-sonnet-vs-team-harveys
Bailey Larson,61,F,0,1,0,,Harvey's,team-sonnet-vs-team-harveys
Karell Emard,76,F,0,0,0,,Harvey's,team-sonnet-vs-team-harveys
Rosalie Demers,81,F,0,0,0,,Harvey's,team-sonnet-vs-team-harveys
Emily Brown,2,D,0,0,0,,Sonnet,team-sonnet-vs-team-scotiabank
Iya Gavrilova,8,F,0,0,0,,Sonnet,team-sonnet-vs-team-scotiabank
Hanna Bunton,9,F,0,1,0,,Sonnet,team-sonnet-vs-team-scotiabank
Alexa Vasko,10,F,0,0,0,,Sonnet,team-sonnet-vs-team-scotiabank
Abby Roque,11,F,1,0,0,2.0,Sonnet,team-sonnet-vs-team-scotiabank
Lillian Ribeirinha-Braga,15,D,0,0,2,,Sonnet,team-sonnet-vs-team-scotiabank
Samantha Cogan,17,F,0,0,0,,Sonnet,team-sonnet-vs-team-scotiabank
Brianne Jenner,19,F,0,1,0,,Sonnet,team-sonnet-vs-team-scotiabank
Hannah Brandt,20,F,0,0,2,,Sonnet,team-sonnet-vs-team-scotiabank
Hilary Knight,21,F,0,0,0,,Sonnet,team-sonnet-vs-team-scotiabank
Caroylne Prévost,22,F,0,0,0,,Sonnet,team-sonnet-vs-team-scotiabank
Erin Ambrose,23,D,0,0,0,,Sonnet,team-sonnet-vs-team-scotiabank
Emma Buckles,25,D,0,0,0,,Sonnet,team-sonnet-vs-team-scotiabank
Erica Howe,27,G,0,0,0,,Sonnet,team-sonnet-vs-team-scotiabank
Micah Zandee-Hart,28,D,0,0,0,,Sonnet,team-sonnet-vs-team-scotiabank
Nicole Hensley,29,G,0,0,0,,Sonnet,team-sonnet-vs-team-scotiabank
Rebecca Leslie,37,F,0,0,0,,Sonnet,team-sonnet-vs-team-scotiabank
Claire Thompson,42,D,0,0,0,,Sonnet,team-sonnet-vs-team-scotiabank
Demi Crossman,82,F,0,0,0,,Sonnet,team-sonnet-vs-team-scotiabank
Brigette Lacquette,4,D,0,0,0,,Scotiabank,team-sonnet-vs-team-scotiabank
Megan Keller,5,D,0,1,0,,Scotiabank,team-sonnet-vs-team-scotiabank
Rebecca Johnston,6,F,0,0,0,,Scotiabank,team-sonnet-vs-team-scotiabank
Nicole Kosta,7,F,0,0,2,,Scotiabank,team-sonnet-vs-team-scotiabank
Hayley Lunny,8,F,0,0,0,,Scotiabank,team-sonnet-vs-team-scotiabank
Shannon Stewart,10,F,1,0,0,3.0,Scotiabank,team-sonnet-vs-team-scotiabank
Tatum Skaggs,11,F,0,0,0,,Scotiabank,team-sonnet-vs-team-scotiabank
Kelly Pannek,12,F,0,0,0,,Scotiabank,team-sonnet-vs-team-scotiabank
Katelyn Gosling,16,D,0,1,0,,Scotiabank,team-sonnet-vs-team-scotiabank
Ella Shelton,17,D,0,1,0,,Scotiabank,team-sonnet-vs-team-scotiabank
Madison Field,22,F,0,0,0,,Scotiabank,team-sonnet-vs-team-scotiabank
Alex Carpenter,25,F,0,0,0,,Scotiabank,team-sonnet-vs-team-scotiabank
Cat Quirion,26,D,0,0,0,,Scotiabank,team-sonnet-vs-team-scotiabank
Emerance Maschmeyer,38,G,0,0,0,5.0,Scotiabank,team-sonnet-vs-team-scotiabank
Blayre Turnbull,40,F,1,1,0,1.0,Scotiabank,team-sonnet-vs-team-scotiabank
Grace Graham,42,F,0,0,0,,Scotiabank,team-sonnet-vs-team-scotiabank
Kristen Campbell,50,G,0,0,0,3.0,Scotiabank,team-sonnet-vs-team-scotiabank
Victoria Bach,51,F,0,0,2,,Scotiabank,team-sonnet-vs-team-scotiabank
Jocelyne Larocque,3,D,0,0,4,,adidas,team-adidas-vs-team-harveys
Laura Stacey,7,F,0,0,0,,adidas,team-adidas-vs-team-harveys
Megan Eady,8,D,0,0,0,,adidas,team-adidas-vs-team-harveys
Kayla Vespa,10,F,0,0,2,,adidas,team-adidas-vs-team-harveys
Jill Saulnier,11,F,0,1,0,,adidas,team-adidas-vs-team-harveys
Meaghan Mikkelson,12,D,0,0,0,,adidas,team-adidas-vs-team-harveys
Renata Fast,14,D,0,0,0,,adidas,team-adidas-vs-team-harveys
Kaitlin Willoughby,17,F,0,1,0,,adidas,team-adidas-vs-team-harveys
Jincy Dunne,19,D,0,0,0,,adidas,team-adidas-vs-team-harveys
Sarah Nurse,20,F,2,0,2,2.0,adidas,team-adidas-vs-team-harveys
Kelly Gribbons,21,F,0,0,0,,adidas,team-adidas-vs-team-harveys
Jess Jones,22,F,0,0,0,,adidas,team-adidas-vs-team-harveys
Jessica DiGirolamo,23,D,1,0,0,,adidas,team-adidas-vs-team-harveys
Kendall Coyne Schofield,26,F,0,1,0,,adidas,team-adidas-vs-team-harveys
Samantha Donovan,32,F,0,0,0,,adidas,team-adidas-vs-team-harveys
Aerin Frankel,33,G,0,0,0,,adidas,team-adidas-vs-team-harveys
Maddie Rooney,35,G,0,0,0,,adidas,team-adidas-vs-team-harveys
Kristin O’Neill,43,F,0,0,0,,adidas,team-adidas-vs-team-harveys
Sarah Potomak,44,F,0,0,0,,adidas,team-adidas-vs-team-harveys
Laura Dostaler,72,F,0,0,0,,adidas,team-adidas-vs-team-harveys
Marlène Boissonnault,1,G,0,0,0,,Harvey's,team-adidas-vs-team-harveys
Lee Stecklein,2,D,0,2,0,,Harvey's,team-adidas-vs-team-harveys
Lauriane Rougeau,5,D,0,0,0,,Harvey's,team-adidas-vs-team-harveys
Laura Fortino,8,D,0,0,0,,Harvey's,team-adidas-vs-team-harveys
Jessie Eldridge,9,F,1,1,0,3.0,Harvey's,team-adidas-vs-team-harveys
Sophia Shaver,11,F,0,0,0,,Harvey's,team-adidas-vs-team-harveys
Alexa Gruschow,12,F,1,0,0,,Harvey's,team-adidas-vs-team-harveys
Clair DeGeorge,14,F,0,0,0,,Harvey's,team-adidas-vs-team-harveys
Savannah Harmon,15,D,0,0,2,,Harvey's,team-adidas-vs-team-harveys
Hayley Scamurra,16,F,1,0,0,,Harvey's,team-adidas-vs-team-harveys
Alexandra Poznikoff,19,F,0,1,0,,Harvey's,team-adidas-vs-team-harveys
Mellissa Channell,22,D,0,0,0,,Harvey's,team-adidas-vs-team-harveys
Jacquie Greco,25,D,0,0,0,,Harvey's,team-adidas-vs-team-harveys
Emily Clark,26,F,0,0,2,,Harvey's,team-adidas-vs-team-harveys
Kristen Richards,27,D,0,0,0,,Harvey's,team-adidas-vs-team-harveys
Marie-Philip Poulin,29,F,1,1,4,1.0,Harvey's,team-adidas-vs-team-harveys
Ann-Renée Desbiens,35,G,0,0,0,,Harvey's,team-adidas-vs-team-harveys
Jamie Lee Rattray,47,F,0,1,0,,Harvey's,team-adidas-vs-team-harveys
Bailey Larson,61,F,0,1,0,,Harvey's,team-adidas-vs-team-harveys
Rosalie Demers,81,F,0,1,0,,Harvey's,team-adidas-vs-team-harveys
Marlène Boissonnault,1,G,0,0,0,,Harvey's,team-sonnet-vs-team-harveys-2
Lee Stecklein,2,D,0,0,0,,Harvey's,team-sonnet-vs-team-harveys-2
Lauriane Rougeau,5,D,0,0,0,,Harvey's,team-sonnet-vs-team-harveys-2
Laura Fortino,8,D,0,1,0,,Harvey's,team-sonnet-vs-team-harveys-2
Jessie Eldridge,9,F,0,2,0,,Harvey's,team-sonnet-vs-team-harveys-2
Sophia Shaver,11,F,1,0,0,,Harvey's,team-sonnet-vs-team-harveys-2
Alexa Gruschow,12,F,0,0,2,,Harvey's,team-sonnet-vs-team-harveys-2
Clair DeGeorge,14,F,0,1,0,,Harvey's,team-sonnet-vs-team-harveys-2
Savannah Harmon,15,D,0,0,0,,Harvey's,team-sonnet-vs-team-harveys-2
Hayley Scamurra,16,F,0,1,2,2.0,Harvey's,team-sonnet-vs-team-harveys-2
Alexandra Poznikoff,19,F,0,0,0,,Harvey's,team-sonnet-vs-team-harveys-2
Mellissa Channell,22,D,0,0,0,,Harvey's,team-sonnet-vs-team-harveys-2
Jacquie Greco,25,D,0,2,0,,Harvey's,team-sonnet-vs-team-harveys-2
Emily Clark,26,F,1,0,0,,Harvey's,team-sonnet-vs-team-harveys-2
Kristen Richards,27,D,0,0,0,,Harvey's,team-sonnet-vs-team-harveys-2
Marie-Philip Poulin,29,F,1,0,0,,Harvey's,team-sonnet-vs-team-harveys-2
Ann-Renée Desbiens,35,G,0,0,0,,Harvey's,team-sonnet-vs-team-harveys-2
Jamie Lee Rattray,47,F,2,1,0,1.0,Harvey's,team-sonnet-vs-team-harveys-2
Bailey Larson,61,F,0,0,2,,Harvey's,team-sonnet-vs-team-harveys-2
Rosalie Demers,81,F,1,1,0,,Harvey's,team-sonnet-vs-team-harveys-2
Emily Brown,2,D,0,0,0,,Sonnet,team-sonnet-vs-team-harveys-2
Iya Gavrilova,8,F,0,0,0,,Sonnet,team-sonnet-vs-team-harveys-2
Hanna Bunton,9,F,0,0,0,,Sonnet,team-sonnet-vs-team-harveys-2
Alexa Vasko,10,F,0,0,0,,Sonnet,team-sonnet-vs-team-harveys-2
Abby Roque,11,F,0,1,0,,Sonnet,team-sonnet-vs-team-harveys-2
Lillian Ribeirinha-Braga,15,D,0,0,0,,Sonnet,team-sonnet-vs-team-harveys-2
Samantha Cogan,17,F,0,0,0,,Sonnet,team-sonnet-vs-team-harveys-2
Malia Schneider,18,F,0,0,0,,Sonnet,team-sonnet-vs-team-harveys-2
Brianne Jenner,19,F,1,0,0,,Sonnet,team-sonnet-vs-team-harveys-2
Hannah Brandt,20,F,1,0,0,,Sonnet,team-sonnet-vs-team-harveys-2
Hilary Knight,21,F,0,2,0,3.0,Sonnet,team-sonnet-vs-team-harveys-2
Caroylne Prévost,22,F,0,0,0,,Sonnet,team-sonnet-vs-team-harveys-2
Erin Ambrose,23,D,0,0,0,,Sonnet,team-sonnet-vs-team-harveys-2
Emma Buckles,25,D,0,0,0,,Sonnet,team-sonnet-vs-team-harveys-2
Erica Howe,27,G,0,0,0,,Sonnet,team-sonnet-vs-team-harveys-2
Micah Zandee-Hart,28,D,0,0,0,,Sonnet,team-sonnet-vs-team-harveys-2
Nicole Hensley,29,G,0,0,0,,Sonnet,team-sonnet-vs-team-harveys-2
Rebecca Leslie,37,F,0,0,0,,Sonnet,team-sonnet-vs-team-harveys-2
Claire Thompson,42,D,0,0,0,,Sonnet,team-sonnet-vs-team-harveys-2
Demi Crossman,82,F,0,0,0,,Sonnet,team-sonnet-vs-team-harveys-2
Brigette Lacquette,4,D,0,1,0,,Scotiabank,team-scotiabank-vs-team-adidas
Megan Keller,5,D,0,0,0,,Scotiabank,team-scotiabank-vs-team-adidas
Rebecca Johnston,6,F,0,1,4,,Scotiabank,team-scotiabank-vs-team-adidas
Nicole Kosta,7,F,0,0,2,,Scotiabank,team-scotiabank-vs-team-adidas
Hayley Lunny,8,F,0,0,0,,Scotiabank,team-scotiabank-vs-team-adidas
Shannon Stewart,10,F,0,0,0,,Scotiabank,team-scotiabank-vs-team-adidas
Tatum Skaggs,11,F,0,0,0,,Scotiabank,team-scotiabank-vs-team-adidas
Kelly Pannek,12,F,0,0,0,,Scotiabank,team-scotiabank-vs-team-adidas
Jaime Bourbonnais,14,D,0,0,0,,Scotiabank,team-scotiabank-vs-team-adidas
Mélodie Daoust,15,F,1,1,0,3.0,Scotiabank,team-scotiabank-vs-team-adidas
Katelyn Gosling,16,D,0,0,0,,Scotiabank,team-scotiabank-vs-team-adidas
Ella Shelton,17,D,0,0,0,,Scotiabank,team-scotiabank-vs-team-adidas
Madison Field,22,F,0,1,0,,Scotiabank,team-scotiabank-vs-team-adidas
Alex Carpenter,25,F,0,0,0,,Scotiabank,team-scotiabank-vs-team-adidas
Cat Quirion,26,D,0,0,0,,Scotiabank,team-scotiabank-vs-team-adidas
Emerance Maschmeyer,38,G,0,0,0,,Scotiabank,team-scotiabank-vs-team-adidas
Blayre Turnbull,40,F,1,0,0,,Scotiabank,team-scotiabank-vs-team-adidas
Grace Graham,42,F,0,0,0,,Scotiabank,team-scotiabank-vs-team-adidas
Kristen Campbell,50,G,0,0,0,,Scotiabank,team-scotiabank-vs-team-adidas
Victoria Bach,51,F,1,1,2,,Scotiabank,team-scotiabank-vs-team-adidas
Jocelyne Larocque,3,D,0,0,2,,adidas,team-scotiabank-vs-team-adidas
Laura Stacey,7,F,1,1,0,,adidas,team-scotiabank-vs-team-adidas
Megan Eady,8,D,0,0,2,,adidas,team-scotiabank-vs-team-adidas
Kayla Vespa,10,F,0,0,0,,adidas,team-scotiabank-vs-team-adidas
Jill Saulnier,11,F,0,1,0,,adidas,team-scotiabank-vs-team-adidas
Meaghan Mikkelson,12,D,0,0,0,,adidas,team-scotiabank-vs-team-adidas
Renata Fast,14,D,0,0,0,,adidas,team-scotiabank-vs-team-adidas
Kaitlin Willoughby,17,F,0,0,0,,adidas,team-scotiabank-vs-team-adidas
Jincy Dunne,19,D,1,1,2,2.0,adidas,team-scotiabank-vs-team-adidas
Sarah Nurse,20,F,1,1,0,,adidas,team-scotiabank-vs-team-adidas
Kelly Gribbons,21,F,0,0,0,,adidas,team-scotiabank-vs-team-adidas
Jess Jones,22,F,0,1,0,,adidas,team-scotiabank-vs-team-adidas
Jessica DiGirolamo,23,D,0,0,0,,adidas,team-scotiabank-vs-team-adidas
Kendall Coyne Schofield,26,F,1,2,0,1.0,adidas,team-scotiabank-vs-team-adidas
Samantha Donovan,32,F,0,0,0,,adidas,team-scotiabank-vs-team-adidas
Aerin Frankel,33,G,0,0,0,,adidas,team-scotiabank-vs-team-adidas
Maddie Rooney,35,G,0,0,0,,adidas,team-scotiabank-vs-team-adidas
Kristin O’Neill,43,F,1,1,0,,adidas,team-scotiabank-vs-team-adidas
Sarah Potomak,44,F,0,1,2,,adidas,team-scotiabank-vs-team-adidas
Laura Dostaler,72,F,0,0,0,,adidas,team-scotiabank-vs-team-adidas
Jocelyne Larocque,3,D,0,0,8,,adidas,team-adidas-vs-team-sonnet-2
Laura Stacey,7,F,1,0,0,2.0,adidas,team-adidas-vs-team-sonnet-2
Megan Eady,8,D,0,0,0,,adidas,team-adidas-vs-team-sonnet-2
Kayla Vespa,10,F,0,0,0,,adidas,team-adidas-vs-team-sonnet-2
Jill Saulnier,11,F,0,0,0,,adidas,team-adidas-vs-team-sonnet-2
Meaghan Mikkelson,12,D,0,0,0,,adidas,team-adidas-vs-team-sonnet-2
Renata Fast,14,D,0,0,2,,adidas,team-adidas-vs-team-sonnet-2
Kaitlin Willoughby,17,F,0,0,0,,adidas,team-adidas-vs-team-sonnet-2
Jincy Dunne,19,D,0,1,0,,adidas,team-adidas-vs-team-sonnet-2
Sarah Nurse,20,F,0,0,0,,adidas,team-adidas-vs-team-sonnet-2
Kelly Gribbons,21,F,0,0,0,,adidas,team-adidas-vs-team-sonnet-2
Jess Jones,22,F,0,0,0,,adidas,team-adidas-vs-team-sonnet-2
Jessica DiGirolamo,23,D,0,0,0,,adidas,team-adidas-vs-team-sonnet-2
Kendall Coyne Schofield,26,F,0,0,0,,adidas,team-adidas-vs-team-sonnet-2
Samantha Donovan,32,F,0,0,0,,adidas,team-adidas-vs-team-sonnet-2
Aerin Frankel,33,G,0,0,0,,adidas,team-adidas-vs-team-sonnet-2
Maddie Rooney,35,G,0,0,0,,adidas,team-adidas-vs-team-sonnet-2
Kristin O’Neill,43,F,0,1,2,,adidas,team-adidas-vs-team-sonnet-2
Sarah Potomak,44,F,0,0,0,,adidas,team-adidas-vs-team-sonnet-2
Laura Dostaler,72,F,0,0,0,,adidas,team-adidas-vs-team-sonnet-2
Emily Brown,2,D,0,0,0,,Sonnet,team-adidas-vs-team-sonnet-2
Iya Gavrilova,8,F,0,0,0,,Sonnet,team-adidas-vs-team-sonnet-2
Hanna Bunton,9,F,0,0,0,,Sonnet,team-adidas-vs-team-sonnet-2
Alexa Vasko,10,F,0,0,0,,Sonnet,team-adidas-vs-team-sonnet-2
Abby Roque,11,F,2,1,0,1.0,Sonnet,team-adidas-vs-team-sonnet-2
Lillian Ribeirinha-Braga,15,D,0,0,0,,Sonnet,team-adidas-vs-team-sonnet-2
Samantha Cogan,17,F,1,0,0,,Sonnet,team-adidas-vs-team-sonnet-2
Malia Schneider,18,F,0,0,2,,Sonnet,team-adidas-vs-team-sonnet-2
Brianne Jenner,19,F,0,2,2,,Sonnet,team-adidas-vs-team-sonnet-2
Hannah Brandt,20,F,0,0,0,,Sonnet,team-adidas-vs-team-sonnet-2
Hilary Knight,21,F,0,0,0,,Sonnet,team-adidas-vs-team-sonnet-2
Caroylne Prévost,22,F,0,1,0,,Sonnet,team-adidas-vs-team-sonnet-2
Erin Ambrose,23,D,0,0,0,,Sonnet,team-adidas-vs-team-sonnet-2
Emma Buckles,25,D,0,0,0,,Sonnet,team-adidas-vs-team-sonnet-2
Erica Howe,27,G,0,0,0,,Sonnet,team-adidas-vs-team-sonnet-2
Micah Zandee-Hart,28,D,0,0,2,,Sonnet,team-adidas-vs-team-sonnet-2
Nicole Hensley,29,G,0,0,0,3.0,Sonnet,team-adidas-vs-team-sonnet-2
Rebecca Leslie,37,F,0,0,0,,Sonnet,team-adidas-vs-team-sonnet-2
Claire Thompson,42,D,0,0,0,,Sonnet,team-adidas-vs-team-sonnet-2
Demi Crossman,82,F,0,1,0,,Sonnet,team-adidas-vs-team-sonnet-2
Natasza Tarnowski,33,F,1,0,0,,Sonnet,team-adidas-vs-team-sonnet-2
Marlène Boissonnault,1,G,0,0,0,,Harvey's,team-scotiabank-vs-team-harveys
Lee Stecklein,2,D,1,3,0,1.0,Harvey's,team-scotiabank-vs-team-harveys
Lauriane Rougeau,5,D,0,0,0,,Harvey's,team-scotiabank-vs-team-harveys
Laura Fortino,8,D,1,0,0,,Harvey's,team-scotiabank-vs-team-harveys
Jessie Eldridge,9,F,0,1,0,,Harvey's,team-scotiabank-vs-team-harveys
Sophia Shaver,11,F,0,0,0,,Harvey's,team-scotiabank-vs-team-harveys
Alexa Gruschow,12,F,0,0,0,,Harvey's,team-scotiabank-vs-team-harveys
Clair DeGeorge,14,F,0,1,2,,Harvey's,team-scotiabank-vs-team-harveys
Savannah Harmon,15,D,0,0,0,,Harvey's,team-scotiabank-vs-team-harveys
Hayley Scamurra,16,F,0,1,2,,Harvey's,team-scotiabank-vs-team-harveys
Alexandra Poznikoff,19,F,0,0,0,,Harvey's,team-scotiabank-vs-team-harveys
Mellissa Channell,22,D,0,0,0,,Harvey's,team-scotiabank-vs-team-harveys
Jacquie Greco,25,D,0,0,2,,Harvey's,team-scotiabank-vs-team-harveys
Emily Clark,26,F,1,1,0,3.0,Harvey's,team-scotiabank-vs-team-harveys
Kristen Richards,27,D,0,0,2,,Harvey's,team-scotiabank-vs-team-harveys
Marie-Philip Poulin,29,F,1,2,2,,Harvey's,team-scotiabank-vs-team-harveys
Ann-Renée Desbiens,35,G,0,0,0,2.0,Harvey's,team-scotiabank-vs-team-harveys
Jamie Lee Rattray,47,F,1,0,0,,Harvey's,team-scotiabank-vs-team-harveys
Bailey Larson,61,F,0,0,0,,Harvey's,team-scotiabank-vs-team-harveys
Rosalie Demers,81,F,0,0,0,,Harvey's,team-scotiabank-vs-team-harveys
Brigette Lacquette,4,D,0,0,0,,Scotiabank,team-scotiabank-vs-team-harveys
Megan Keller,5,D,0,1,2,,Scotiabank,team-scotiabank-vs-team-harveys
Rebecca Johnston,6,F,1,0,0,,Scotiabank,team-scotiabank-vs-team-harveys
Nicole Kosta,7,F,0,0,0,,Scotiabank,team-scotiabank-vs-team-harveys
Hayley Lunny,8,F,0,0,0,,Scotiabank,team-scotiabank-vs-team-harveys
Shannon Stewart,10,F,0,0,0,,Scotiabank,team-scotiabank-vs-team-harveys
Tatum Skaggs,11,F,0,0,0,,Scotiabank,team-scotiabank-vs-team-harveys
Kelly Pannek,12,F,0,0,0,,Scotiabank,team-scotiabank-vs-team-harveys
Jaime Bourbonnais,14,D,0,0,2,,Scotiabank,team-scotiabank-vs-team-harveys
Mélodie Daoust,15,F,0,0,0,,Scotiabank,team-scotiabank-vs-team-harveys
Katelyn Gosling,16,D,0,0,0,,Scotiabank,team-scotiabank-vs-team-harveys
Ella Shelton,17,D,0,0,0,,Scotiabank,team-scotiabank-vs-team-harveys
Madison Field,22,F,0,0,0,,Scotiabank,team-scotiabank-vs-team-harveys
Alex Carpenter,25,F,0,0,0,,Scotiabank,team-scotiabank-vs-team-harveys
Cat Quirion,26,D,0,0,0,,Scotiabank,team-scotiabank-vs-team-harveys
Emerance Maschmeyer,38,G,0,0,0,,Scotiabank,team-scotiabank-vs-team-harveys
Blayre Turnbull,40,F,0,0,0,,Scotiabank,team-scotiabank-vs-team-harveys
Grace Graham,42,F,0,0,0,,Scotiabank,team-scotiabank-vs-team-harveys
Kristen Campbell,50,G,0,0,0,,Scotiabank,team-scotiabank-vs-team-harveys
Victoria Bach,51,F,0,0,0,,Scotiabank,team-scotiabank-vs-team-harveys
Lee Stecklein,2,D,0,1,0,,Harvey's,team-harveys-vs-team-adidas-2
Lauriane Rougeau,5,D,0,0,0,,Harvey's,team-harveys-vs-team-adidas-2
Laura Fortino,8,D,0,2,0,,Harvey's,team-harveys-vs-team-adidas-2
Jessie Eldridge,9,F,1,1,0,,Harvey's,team-harveys-vs-team-adidas-2
Rhianna Kurio,10,F,0,0,0,,Harvey's,team-harveys-vs-team-adidas-2
Sophia Shaver,11,F,0,0,0,,Harvey's,team-harveys-vs-team-adidas-2
Alexa Gruschow,12,F,0,0,0,,Harvey's,team-harveys-vs-team-adidas-2
Clair DeGeorge,14,F,0,0,0,,Harvey's,team-harveys-vs-team-adidas-2
Savannah Harmon,15,D,0,1,0,,Harvey's,team-harveys-vs-team-adidas-2
Mellissa Channell,22,D,0,0,0,,Harvey's,team-harveys-vs-team-adidas-2
Emily Clark,26,F,1,1,0,3.0,Harvey's,team-harveys-vs-team-adidas-2
Kristen Richards,27,D,0,0,0,,Harvey's,team-harveys-vs-team-adidas-2
Marie-Philip Poulin,29,F,1,0,0,,Harvey's,team-harveys-vs-team-adidas-2
Geneviève Lacasse,31,G,0,0,0,,Harvey's,team-harveys-vs-team-adidas-2
Ann-Renée Desbiens,35,G,0,0,0,,Harvey's,team-harveys-vs-team-adidas-2
Jamie Lee Rattray,47,F,1,0,2,,Harvey's,team-harveys-vs-team-adidas-2
Rosalie Demers,81,F,0,0,0,,Harvey's,team-harveys-vs-team-adidas-2
Alexandra Poznikoff,19,F,0,0,0,,Harvey's,team-harveys-vs-team-adidas-2
Bailey Larson,61,F,0,0,0,,Harvey's,team-harveys-vs-team-adidas-2
Karell Emard,76,F,0,0,0,,Harvey's,team-harveys-vs-team-adidas-2
Jocelyne Larocque,3,D,0,0,0,,adidas,team-harveys-vs-team-adidas-2
Emily Curlett,5,D,0,0,0,,adidas,team-harveys-vs-team-adidas-2
Laura Stacey,7,F,2,0,0,1.0,adidas,team-harveys-vs-team-adidas-2
Kayla Vespa,10,F,0,1,0,,adidas,team-harveys-vs-team-adidas-2
Jill Saulnier,11,F,0,0,0,,adidas,team-harveys-vs-team-adidas-2
Meaghan Mikkelson,12,D,0,0,0,,adidas,team-harveys-vs-team-adidas-2
Renata Fast,14,D,0,0,0,,adidas,team-harveys-vs-team-adidas-2
Kaitlin Willoughby,17,F,0,0,0,,adidas,team-harveys-vs-team-adidas-2
Jincy Dunne,19,D,0,0,0,,adidas,team-harveys-vs-team-adidas-2
Sarah Nurse,20,F,0,0,0,,adidas,team-harveys-vs-team-adidas-2
Kelly Gribbons,21,F,0,0,0,,adidas,team-harveys-vs-team-adidas-2
Jess Jones,22,F,0,0,0,,adidas,team-harveys-vs-team-adidas-2
Jessica DiGirolamo,23,D,0,0,0,,adidas,team-harveys-vs-team-adidas-2
Kendall Coyne Schofield,26,F,1,0,0,,adidas,team-harveys-vs-team-adidas-2
Shea Tiley,31,G,0,0,2,,adidas,team-harveys-vs-team-adidas-2
Sydney Scobee,37,G,0,0,0,,adidas,team-harveys-vs-team-adidas-2
Kristin O’Neill,43,F,0,3,2,2.0,adidas,team-harveys-vs-team-adidas-2
Makayla Langei,2,D,0,2,2,,Scotiabank,team-scotiabank-vs-team-sonnet
Megan Keller,5,D,0,1,0,,Scotiabank,team-scotiabank-vs-team-sonnet
Rebecca Johnston,6,F,2,2,0,1.0,Scotiabank,team-scotiabank-vs-team-sonnet
Nicole Kosta,7,F,0,0,2,,Scotiabank,team-scotiabank-vs-team-sonnet
Hayley Lunny,8,F,0,0,0,,Scotiabank,team-scotiabank-vs-team-sonnet
Shannon Stewart,10,F,0,0,0,,Scotiabank,team-scotiabank-vs-team-sonnet
Tatum Skaggs,11,F,0,0,2,,Scotiabank,team-scotiabank-vs-team-sonnet
Kelly Pannek,12,F,0,0,0,,Scotiabank,team-scotiabank-vs-team-sonnet
Jaime Bourbonnais,14,D,1,0,0,,Scotiabank,team-scotiabank-vs-team-sonnet
Katelyn Gosling,16,D,0,0,0,,Scotiabank,team-scotiabank-vs-team-sonnet
Ella Shelton,17,D,0,1,2,,Scotiabank,team-scotiabank-vs-team-sonnet
Madison Field,22,F,0,1,0,,Scotiabank,team-scotiabank-vs-team-sonnet
Alex Carpenter,25,F,1,0,0,,Scotiabank,team-scotiabank-vs-team-sonnet
Cat Quirion,26,D,0,0,0,,Scotiabank,team-scotiabank-vs-team-sonnet
Emerance Maschmeyer,38,G,0,0,0,,Scotiabank,team-scotiabank-vs-team-sonnet
Blayre Turnbull,40,F,1,1,0,,Scotiabank,team-scotiabank-vs-team-sonnet
Grace Graham,42,F,0,0,0,,Scotiabank,team-scotiabank-vs-team-sonnet
Kristen Campbell,50,G,0,0,0,2.0,Scotiabank,team-scotiabank-vs-team-sonnet
Victoria Bach,51,F,0,0,0,,Scotiabank,team-scotiabank-vs-team-sonnet
Emily Brown,2,D,0,1,2,,Sonnet,team-scotiabank-vs-team-sonnet
Leah Bohlken,4,D,0,0,0,,Sonnet,team-scotiabank-vs-team-sonnet
Hanna Bunton,9,F,0,0,0,,Sonnet,team-scotiabank-vs-team-sonnet
Alexa Vasko,10,F,2,0,0,,Sonnet,team-scotiabank-vs-team-sonnet
Abby Roque,11,F,0,2,0,,Sonnet,team-scotiabank-vs-team-sonnet
Samantha Cogan,17,F,0,0,0,,Sonnet,team-scotiabank-vs-team-sonnet
Malia Schneider,18,F,0,1,0,,Sonnet,team-scotiabank-vs-team-sonnet
Brianne Jenner,19,F,0,1,0,,Sonnet,team-scotiabank-vs-team-sonnet
Hannah Brandt,20,F,1,0,0,,Sonnet,team-scotiabank-vs-team-sonnet
Caroylne Prévost,22,F,0,0,0,,Sonnet,team-scotiabank-vs-team-sonnet
Erin Ambrose,23,D,1,0,2,,Sonnet,team-scotiabank-vs-team-sonnet
Emma Buckles,25,D,0,0,0,,Sonnet,team-scotiabank-vs-team-sonnet
Micah Zandee-Hart,28,D,0,0,0,,Sonnet,team-scotiabank-vs-team-sonnet
Nicole Hensley,29,G,0,0,0,,Sonnet,team-scotiabank-vs-team-sonnet
Natasza Tarnowski,33,F,0,1,0,,Sonnet,team-scotiabank-vs-team-sonnet
Rebecca Leslie,37,F,0,2,0,,Sonnet,team-scotiabank-vs-team-sonnet
Lindsay Browning,39,G,0,0,0,,Sonnet,team-scotiabank-vs-team-sonnet
Claire Thompson,42,D,0,0,0,3.0,Sonnet,team-scotiabank-vs-team-sonnet
Makayla Langei,2,D,0,0,0,,Scotiabank,team-scotiabank-vs-team-harveys-2
Megan Keller,5,D,1,1,0,3.0,Scotiabank,team-scotiabank-vs-team-harveys-2
Rebecca Johnston,6,F,0,0,0,,Scotiabank,team-scotiabank-vs-team-harveys-2
Nicole Kosta,7,F,0,0,0,,Scotiabank,team-scotiabank-vs-team-harveys-2
Hayley Lunny,8,F,0,0,2,,Scotiabank,team-scotiabank-vs-team-harveys-2
Shannon Stewart,10,F,0,0,0,,Scotiabank,team-scotiabank-vs-team-harveys-2
Tatum Skaggs,11,F,1,0,2,,Scotiabank,team-scotiabank-vs-team-harveys-2
Kelly Pannek,12,F,0,0,0,,Scotiabank,team-scotiabank-vs-team-harveys-2
Jaime Bourbonnais,14,D,0,0,0,,Scotiabank,team-scotiabank-vs-team-harveys-2
Katelyn Gosling,16,D,0,1,0,,Scotiabank,team-scotiabank-vs-team-harveys-2
Ella Shelton,17,D,0,0,0,,Scotiabank,team-scotiabank-vs-team-harveys-2
Madison Field,22,F,0,0,0,,Scotiabank,team-scotiabank-vs-team-harveys-2
Alex Carpenter,25,F,0,0,0,,Scotiabank,team-scotiabank-vs-team-harveys-2
Cat Quirion,26,D,0,0,0,,Scotiabank,team-scotiabank-vs-team-harveys-2
Emerance Maschmeyer,38,G,0,0,0,,Scotiabank,team-scotiabank-vs-team-harveys-2
Blayre Turnbull,40,F,0,1,0,,Scotiabank,team-scotiabank-vs-team-harveys-2
Grace Graham,42,F,0,0,0,,Scotiabank,team-scotiabank-vs-team-harveys-2
Kristen Campbell,50,G,0,0,0,,Scotiabank,team-scotiabank-vs-team-harveys-2
Victoria Bach,51,F,0,0,0,,Scotiabank,team-scotiabank-vs-team-harveys-2
Lee Stecklein,2,D,0,0,0,,Harvey's,team-scotiabank-vs-team-harveys-2
Lauriane Rougeau,5,D,0,0,0,,Harvey's,team-scotiabank-vs-team-harveys-2
Laura Fortino,8,D,0,1,0,,Harvey's,team-scotiabank-vs-team-harveys-2
Jessie Eldridge,9,F,0,2,0,,Harvey's,team-scotiabank-vs-team-harveys-2
Rhianna Kurio,10,F,0,0,0,,Harvey's,team-scotiabank-vs-team-harveys-2
Sophia Shaver,11,F,0,1,0,,Harvey's,team-scotiabank-vs-team-harveys-2
Alexa Gruschow,12,F,0,0,0,,Harvey's,team-scotiabank-vs-team-harveys-2
Clair DeGeorge,14,F,0,1,0,,Harvey's,team-scotiabank-vs-team-harveys-2
Savannah Harmon,15,D,0,0,0,,Harvey's,team-scotiabank-vs-team-harveys-2
Alexandra Poznikoff,19,F,1,0,0,,Harvey's,team-scotiabank-vs-team-harveys-2
Mellissa Channell,22,D,0,0,0,,Harvey's,team-scotiabank-vs-team-harveys-2
Emily Clark,26,F,0,2,0,,Harvey's,team-scotiabank-vs-team-harveys-2
Kristen Richards,27,D,0,0,0,,Harvey's,team-scotiabank-vs-team-harveys-2
Marie-Philip Poulin,29,F,3,1,0,1.0,Harvey's,team-scotiabank-vs-team-harveys-2
Geneviève Lacasse,31,G,0,0,0,,Harvey's,team-scotiabank-vs-team-harveys-2
Ann-Renée Desbiens,35,G,0,0,0,2.0,Harvey's,team-scotiabank-vs-team-harveys-2
Jamie Lee Rattray,47,F,0,0,0,,Harvey's,team-scotiabank-vs-team-harveys-2
Bailey Larson,61,F,0,0,0,,Harvey's,team-scotiabank-vs-team-harveys-2
Karell Emard,76,F,0,0,0,,Harvey's,team-scotiabank-vs-team-harveys-2
Rosalie Demers,81,F,0,0,0,,Harvey's,team-scotiabank-vs-team-harveys-2
Emily Brown,2,D,0,0,0,,Sonnet,team-sonnet-vs-team-adidas
Leah Bohlken,4,D,0,0,0,,Sonnet,team-sonnet-vs-team-adidas
Hanna Bunton,9,F,0,0,0,,Sonnet,team-sonnet-vs-team-adidas
Alexa Vasko,10,F,0,0,0,,Sonnet,team-sonnet-vs-team-adidas
Abby Roque,11,F,1,0,0,,Sonnet,team-sonnet-vs-team-adidas
Samantha Cogan,17,F,0,0,0,,Sonnet,team-sonnet-vs-team-adidas
Malia Schneider,18,F,0,0,0,,Sonnet,team-sonnet-vs-team-adidas
Brianne Jenner,19,F,0,1,0,3.0,Sonnet,team-sonnet-vs-team-adidas
Hannah Brandt,20,F,0,1,0,,Sonnet,team-sonnet-vs-team-adidas
Caroylne Prévost,22,F,0,0,0,,Sonnet,team-sonnet-vs-team-adidas
Erin Ambrose,23,D,0,0,4,,Sonnet,team-sonnet-vs-team-adidas
Emma Buckles,25,D,0,0,0,,Sonnet,team-sonnet-vs-team-adidas
Micah Zandee-Hart,28,D,0,0,0,,Sonnet,team-sonnet-vs-team-adidas
Nicole Hensley,29,G,0,0,0,,Sonnet,team-sonnet-vs-team-adidas
Natasza Tarnowski,33,F,0,0,0,,Sonnet,team-sonnet-vs-team-adidas
Rebecca Leslie,37,F,0,0,0,,Sonnet,team-sonnet-vs-team-adidas
Lindsay Browning,39,G,0,0,0,,Sonnet,team-sonnet-vs-team-adidas
Claire Thompson,42,D,0,0,0,,Sonnet,team-sonnet-vs-team-adidas
Jocelyne Larocque,3,D,0,0,0,,adidas,team-sonnet-vs-team-adidas
Emily Curlett,5,D,1,0,0,,adidas,team-sonnet-vs-team-adidas
Laura Stacey,7,F,0,0,0,,adidas,team-sonnet-vs-team-adidas
Megan Eady,8,D,0,0,0,,adidas,team-sonnet-vs-team-adidas
Kayla Vespa,10,F,0,0,0,,adidas,team-sonnet-vs-team-adidas
Jill Saulnier,11,F,0,1,2,,adidas,team-sonnet-vs-team-adidas
Meaghan Mikkelson,12,D,0,0,0,,adidas,team-sonnet-vs-team-adidas
Renata Fast,14,D,0,0,0,,adidas,team-sonnet-vs-team-adidas
Kaitlin Willoughby,17,F,0,1,0,,adidas,team-sonnet-vs-team-adidas
Jincy Dunne,19,D,0,0,0,,adidas,team-sonnet-vs-team-adidas
Sarah Nurse,20,F,0,0,0,,adidas,team-sonnet-vs-team-adidas
Kelly Gribbons,21,F,0,0,0,,adidas,team-sonnet-vs-team-adidas
Jess Jones,22,F,0,0,0,,adidas,team-sonnet-vs-team-adidas
Jessica DiGirolamo,23,D,0,2,0,2.0,adidas,team-sonnet-vs-team-adidas
Kendall Coyne Schofield,26,F,2,0,0,1.0,adidas,team-sonnet-vs-team-adidas
Shea Tiley,31,G,0,0,0,,adidas,team-sonnet-vs-team-adidas
Sydney Scobee,37,G,0,0,0,,adidas,team-sonnet-vs-team-adidas
Kristin O’Neill,43,F,0,1,0,,adidas,team-sonnet-vs-team-adidas
Jocelyne Larocque,3,D,0,0,0,,adidas,team-adidas-vs-team-scotiabank-2
Emily Curlett,5,D,0,0,0,,adidas,team-adidas-vs-team-scotiabank-2
Laura Stacey,7,F,1,1,2,,adidas,team-adidas-vs-team-scotiabank-2
Megan Eady,8,D,0,0,0,,adidas,team-adidas-vs-team-scotiabank-2
Jill Saulnier,11,F,0,0,2,,adidas,team-adidas-vs-team-scotiabank-2
Meaghan Mikkelson,12,D,0,0,0,,adidas,team-adidas-vs-team-scotiabank-2
Renata Fast,14,D,0,0,0,,adidas,team-adidas-vs-team-scotiabank-2
Kaitlin Willoughby,17,F,0,0,0,,adidas,team-adidas-vs-team-scotiabank-2
Jincy Dunne,19,D,0,0,0,,adidas,team-adidas-vs-team-scotiabank-2
Sarah Nurse,20,F,0,0,0,,adidas,team-adidas-vs-team-scotiabank-2
Jessica DiGirolamo,23,D,0,0,0,,adidas,team-adidas-vs-team-scotiabank-2
Kendall Coyne Schofield,26,F,0,0,0,,adidas,team-adidas-vs-team-scotiabank-2
Samantha Donovan,32,F,0,0,0,,adidas,team-adidas-vs-team-scotiabank-2
Aerin Frankel,33,G,0,0,0,,adidas,team-adidas-vs-team-scotiabank-2
Maddie Rooney,35,G,0,0,0,,adidas,team-adidas-vs-team-scotiabank-2
Kristin O’Neill,43,F,1,1,0,,adidas,team-adidas-vs-team-scotiabank-2
Sarah Potomak,44,F,0,1,0,,adidas,team-adidas-vs-team-scotiabank-2
Laura Dostaler,72,F,0,0,0,,adidas,team-adidas-vs-team-scotiabank-2
Makayla Langei,2,D,0,0,0,,Scotiabank,team-adidas-vs-team-scotiabank-2
Brigette Lacquette,4,D,0,0,0,,Scotiabank,team-adidas-vs-team-scotiabank-2
Megan Keller,5,D,0,1,2,,Scotiabank,team-adidas-vs-team-scotiabank-2
Rebecca Johnston,6,F,0,0,0,,Scotiabank,team-adidas-vs-team-scotiabank-2
Nicole Kosta,7,F,0,0,0,,Scotiabank,team-adidas-vs-team-scotiabank-2
Shannon Stewart,10,F,0,0,0,,Scotiabank,team-adidas-vs-team-scotiabank-2
Kelly Pannek,12,F,0,0,0,,Scotiabank,team-adidas-vs-team-scotiabank-2
Jaime Bourbonnais,14,D,0,0,0,,Scotiabank,team-adidas-vs-team-scotiabank-2
Mélodie Daoust,15,F,0,1,0,,Scotiabank,team-adidas-vs-team-scotiabank-2
Katelyn Gosling,16,D,0,0,0,,Scotiabank,team-adidas-vs-team-scotiabank-2
Ella Shelton,17,D,0,0,2,,Scotiabank,team-adidas-vs-team-scotiabank-2
Madison Field,22,F,0,0,0,,Scotiabank,team-adidas-vs-team-scotiabank-2
Alex Carpenter,25,F,1,0,0,,Scotiabank,team-adidas-vs-team-scotiabank-2
Cat Quirion,26,D,0,0,0,,Scotiabank,team-adidas-vs-team-scotiabank-2
Amanda Makela,34,G,0,0,0,,Scotiabank,team-adidas-vs-team-scotiabank-2
Emerance Maschmeyer,38,G,0,0,0,,Scotiabank,team-adidas-vs-team-scotiabank-2
Blayre Turnbull,40,F,0,0,0,,Scotiabank,team-adidas-vs-team-scotiabank-2
Victoria Bach,51,F,0,0,0,,Scotiabank,team-adidas-vs-team-scotiabank-2
Kristen Campbell,50,G,0,0,0,,Scotiabank,team-adidas-vs-team-scotiabank-2
Emily Brown,2,D,0,0,4,,Sonnet,team-sonnet-vs-team-harveys-3
Iya Gavrilova,8,F,0,0,0,,Sonnet,team-sonnet-vs-team-harveys-3
Hanna Bunton,9,F,0,0,0,,Sonnet,team-sonnet-vs-team-harveys-3
Alexa Vasko,10,F,0,0,0,,Sonnet,team-sonnet-vs-team-harveys-3
Abby Roque,11,F,1,0,2,,Sonnet,team-sonnet-vs-team-harveys-3
Nikki Nightengale,13,D,0,0,0,,Sonnet,team-sonnet-vs-team-harveys-3
Samantha Cogan,17,F,0,0,0,,Sonnet,team-sonnet-vs-team-harveys-3
Malia Schneider,18,F,0,0,0,,Sonnet,team-sonnet-vs-team-harveys-3
Brianne Jenner,19,F,0,0,0,,Sonnet,team-sonnet-vs-team-harveys-3
Hannah Brandt,20,F,0,0,0,,Sonnet,team-sonnet-vs-team-harveys-3
Hilary Knight,21,F,0,0,0,1.0,Sonnet,team-sonnet-vs-team-harveys-3
Caroylne Prévost,22,F,0,0,0,,Sonnet,team-sonnet-vs-team-harveys-3
Erin Ambrose,23,D,0,1,0,,Sonnet,team-sonnet-vs-team-harveys-3
Emma Buckles,25,D,0,0,0,,Sonnet,team-sonnet-vs-team-harveys-3
Erica Howe,27,G,0,0,0,,Sonnet,team-sonnet-vs-team-harveys-3
Micah Zandee-Hart,28,D,0,1,0,3.0,Sonnet,team-sonnet-vs-team-harveys-3
Nicole Hensley,29,G,0,0,0,,Sonnet,team-sonnet-vs-team-harveys-3
Natasza Tarnowski,33,F,1,0,0,,Sonnet,team-sonnet-vs-team-harveys-3
Rebecca Leslie,37,F,0,0,0,,Sonnet,team-sonnet-vs-team-harveys-3
Claire Thompson,42,D,0,1,0,,Sonnet,team-sonnet-vs-team-harveys-3
Lee Stecklein,2,D,1,0,0,,Harvey's,team-sonnet-vs-team-harveys-3
Lauriane Rougeau,5,D,0,0,0,,Harvey's,team-sonnet-vs-team-harveys-3
Laura Fortino,8,D,0,1,2,,Harvey's,team-sonnet-vs-team-harveys-3
Jessie Eldridge,9,F,1,0,0,,Harvey's,team-sonnet-vs-team-harveys-3
Rhianna Kurio,10,F,0,0,0,,Harvey's,team-sonnet-vs-team-harveys-3
Sophia Shaver,11,F,0,0,0,,Harvey's,team-sonnet-vs-team-harveys-3
Alexa Gruschow,12,F,0,0,0,,Harvey's,team-sonnet-vs-team-harveys-3
Clair DeGeorge,14,F,0,0,0,,Harvey's,team-sonnet-vs-team-harveys-3
Savannah Harmon,15,D,0,0,2,,Harvey's,team-sonnet-vs-team-harveys-3
Hayley Scamurra,16,F,0,0,0,,Harvey's,team-sonnet-vs-team-harveys-3
Jacquie Greco,25,D,0,0,0,,Harvey's,team-sonnet-vs-team-harveys-3
Emily Clark,26,F,0,0,0,,Harvey's,team-sonnet-vs-team-harveys-3
Kristen Richards,27,D,0,0,0,,Harvey's,team-sonnet-vs-team-harveys-3
Marie-Philip Poulin,29,F,0,1,0,2.0,Harvey's,team-sonnet-vs-team-harveys-3
Geneviève Lacasse,31,G,0,0,0,,Harvey's,team-sonnet-vs-team-harveys-3
Ann-Renée Desbiens,35,G,0,0,0,,Harvey's,team-sonnet-vs-team-harveys-3
Jamie Lee Rattray,47,F,0,0,0,,Harvey's,team-sonnet-vs-team-harveys-3
Bailey Larson,61,F,0,0,0,,Harvey's,team-sonnet-vs-team-harveys-3
Rosalie Demers,81,F,0,0,0,,Harvey's,team-sonnet-vs-team-harveys-3
Jocelyne Larocque,3,D,0,0,0,,adidas,team-adidas-vs-team-sonnet
Emily Curlett,5,D,0,0,0,,adidas,team-adidas-vs-team-sonnet
Laura Stacey,7,F,0,0,2,,adidas,team-adidas-vs-team-sonnet
Kayla Vespa,10,F,0,2,0,,adidas,team-adidas-vs-team-sonnet
Jill Saulnier,11,F,0,0,0,,adidas,team-adidas-vs-team-sonnet
Meaghan Mikkelson,12,D,0,1,0,,adidas,team-adidas-vs-team-sonnet
Renata Fast,14,D,0,0,0,,adidas,team-adidas-vs-team-sonnet
Kaitlin Willoughby,17,F,1,0,0,,adidas,team-adidas-vs-team-sonnet
Halli Krzyzaniak,18,D,0,0,0,,adidas,team-adidas-vs-team-sonnet
Jincy Dunne,19,D,0,0,0,,adidas,team-adidas-vs-team-sonnet
Sarah Nurse,20,F,1,1,0,2.0,adidas,team-adidas-vs-team-sonnet
Kelly Gribbons,21,F,0,0,0,,adidas,team-adidas-vs-team-sonnet
Jessica DiGirolamo,23,D,0,0,0,,adidas,team-adidas-vs-team-sonnet
Kendall Coyne Schofield,26,F,1,1,0,,adidas,team-adidas-vs-team-sonnet
Aerin Frankel,33,G,0,0,0,1.0,adidas,team-adidas-vs-team-sonnet
Maddie Rooney,35,G,0,0,0,,adidas,team-adidas-vs-team-sonnet
Kristin O’Neill,43,F,1,0,2,,adidas,team-adidas-vs-team-sonnet
Sarah Potomak,44,F,0,2,0,,adidas,team-adidas-vs-team-sonnet
Laura Dostaler,72,F,0,0,0,,adidas,team-adidas-vs-team-sonnet
Emily Brown,2,D,0,0,0,,Sonnet,team-adidas-vs-team-sonnet
Iya Gavrilova,8,F,0,0,0,,Sonnet,team-adidas-vs-team-sonnet
Hanna Bunton,9,F,0,0,0,,Sonnet,team-adidas-vs-team-sonnet
Alexa Vasko,10,F,0,0,2,,Sonnet,team-adidas-vs-team-sonnet
Abby Roque,11,F,0,0,2,,Sonnet,team-adidas-vs-team-sonnet
Nikki Nightengale,13,D,0,0,0,,Sonnet,team-adidas-vs-team-sonnet
Samantha Cogan,17,F,0,0,0,,Sonnet,team-adidas-vs-team-sonnet
Malia Schneider,18,F,0,0,0,,Sonnet,team-adidas-vs-team-sonnet
Brianne Jenner,19,F,0,0,0,,Sonnet,team-adidas-vs-team-sonnet
Hannah Brandt,20,F,0,0,0,,Sonnet,team-adidas-vs-team-sonnet
Hilary Knight,21,F,0,0,0,,Sonnet,team-adidas-vs-team-sonnet
Caroylne Prévost,22,F,0,0,0,,Sonnet,team-adidas-vs-team-sonnet
Erin Ambrose,23,D,0,0,0,,Sonnet,team-adidas-vs-team-sonnet
Emma Buckles,25,D,0,0,2,,Sonnet,team-adidas-vs-team-sonnet
Erica Howe,27,G,0,0,0,3.0,Sonnet,team-adidas-vs-team-sonnet
Micah Zandee-Hart,28,D,0,0,0,,Sonnet,team-adidas-vs-team-sonnet
Nicole Hensley,29,G,0,0,0,,Sonnet,team-adidas-vs-team-sonnet
Natasza Tarnowski,33,F,0,0,0,,Sonnet,team-adidas-vs-team-sonnet
Rebecca Leslie,37,F,0,0,0,,Sonnet,team-adidas-vs-team-sonnet
Claire Thompson,42,D,0,0,0,,Sonnet,team-adidas-vs-team-sonnet
Lee Stecklein,2,D,0,1,0,,Harvey's,team-harveys-vs-team-scotiabank
Lauriane Rougeau,5,D,1,0,0,3.0,Harvey's,team-harveys-vs-team-scotiabank
Laura Fortino,8,D,0,0,0,,Harvey's,team-harveys-vs-team-scotiabank
Jessie Eldridge,9,F,0,0,0,,Harvey's,team-harveys-vs-team-scotiabank
Sophia Shaver,11,F,0,1,0,,Harvey's,team-harveys-vs-team-scotiabank
Alexa Gruschow,12,F,0,1,0,,Harvey's,team-harveys-vs-team-scotiabank
Clair DeGeorge,14,F,0,0,0,,Harvey's,team-harveys-vs-team-scotiabank
Savannah Harmon,15,D,0,0,0,,Harvey's,team-harveys-vs-team-scotiabank
Hayley Scamurra,16,F,1,0,0,2.0,Harvey's,team-harveys-vs-team-scotiabank
Jacquie Greco,25,D,0,0,0,,Harvey's,team-harveys-vs-team-scotiabank
Emily Clark,26,F,0,1,0,,Harvey's,team-harveys-vs-team-scotiabank
Kristen Richards,27,D,0,0,2,,Harvey's,team-harveys-vs-team-scotiabank
Marie-Philip Poulin,29,F,0,1,0,,Harvey's,team-harveys-vs-team-scotiabank
Geneviève Lacasse,31,G,0,0,0,1.0,Harvey's,team-harveys-vs-team-scotiabank
Ann-Renée Desbiens,35,G,0,0,0,,Harvey's,team-harveys-vs-team-scotiabank
Jamie Lee Rattray,47,F,0,1,0,,Harvey's,team-harveys-vs-team-scotiabank
Karell Emard,76,F,0,0,2,,Harvey's,team-harveys-vs-team-scotiabank
Rosalie Demers,81,F,0,0,0,,Harvey's,team-harveys-vs-team-scotiabank
Bailey Larson,61,F,1,0,0,,Harvey's,team-harveys-vs-team-scotiabank
Makayla Langei,2,D,0,0,0,,Scotiabank,team-harveys-vs-team-scotiabank
Brigette Lacquette,4,D,0,0,0,,Scotiabank,team-harveys-vs-team-scotiabank
Megan Keller,5,D,1,0,0,,Scotiabank,team-harveys-vs-team-scotiabank
Rebecca Johnston,6,F,0,0,0,,Scotiabank,team-harveys-vs-team-scotiabank
Nicole Kosta,7,F,0,0,0,,Scotiabank,team-harveys-vs-team-scotiabank
Shannon Stewart,10,F,0,0,0,,Scotiabank,team-harveys-vs-team-scotiabank
Kelly Pannek,12,F,0,0,0,,Scotiabank,team-harveys-vs-team-scotiabank
Jaime Bourbonnais,14,D,0,0,0,,Scotiabank,team-harveys-vs-team-scotiabank
Mélodie Daoust,15,F,0,0,0,,Scotiabank,team-harveys-vs-team-scotiabank
Katelyn Gosling,16,D,0,0,0,,Scotiabank,team-harveys-vs-team-scotiabank
Ella Shelton,17,D,0,0,0,,Scotiabank,team-harveys-vs-team-scotiabank
Madison Field,22,F,0,0,0,,Scotiabank,team-harveys-vs-team-scotiabank
Alex Carpenter,25,F,0,0,0,,Scotiabank,team-harveys-vs-team-scotiabank
Cat Quirion,26,D,0,0,0,,Scotiabank,team-harveys-vs-team-scotiabank
Amanda Makela,34,G,0,0,0,,Scotiabank,team-harveys-vs-team-scotiabank
Emerance Maschmeyer,38,G,0,0,0,,Scotiabank,team-harveys-vs-team-scotiabank
Blayre Turnbull,40,F,0,0,4,,Scotiabank,team-harveys-vs-team-scotiabank
Kristen Campbell,50,G,0,0,0,,Scotiabank,team-harveys-vs-team-scotiabank
Victoria Bach,51,F,0,0,2,,Scotiabank,team-harveys-vs-team-scotiabank
